genotype,group,surface,name,date,type_VI
14830-002,F2,adaxial,Aleksandra,28-Mar,5
14830-002,F2,abaxial,Aleksandra,28-Mar,5
14830-003,F2,adaxial,Sanne,28-Mar,3
14830-003,F2,abaxial,Sanne,28-Mar,2
14830-004,F2,adaxial,Michelle,28-Mar,5
14830-004,F2,abaxial,Michelle,28-Mar,5
14830-005,F2,adaxial,Aleksandra,28-Mar,5
14830-005,F2,abaxial,Aleksandra,28-Mar,3
14830-006,F2,adaxial,Aleksandra,28-Mar,5
14830-006,F2,abaxial,Aleksandra,28-Mar,4
14830-007,F2,adaxial,Sanne,28-Mar,5
14830-007,F2,abaxial,Sanne,28-Mar,5
14830-008,F2,abaxial,Michelle,28-Mar,4
14830-008,F2,adaxial,Michelle,28-Mar,2
14830-009,F2,abaxial,Sanne,28-Mar,5
14830-009,F2,adaxial,Sanne,28-Mar,4
14830-010,F2,adaxial,Sanne,28-Mar,5
14830-010,F2,abaxial,Sanne,28-Mar,5
14830-011,F2,abaxial,Marc,28-Mar,3
14830-011,F2,adaxial,Marc,28-Mar,1
14830-012,F2,abaxial,Michelle,28-Mar,4
14830-012,F2,adaxial,Michelle,28-Mar,3
14830-013,F2,adaxial,Sanne,28-Mar,5
14830-013,F2,abaxial,Sanne,28-Mar,5
14830-014,F2,adaxial,Sanne,28-Mar,5
14830-014,F2,abaxial,Sanne,28-Mar,2
14830-015,F2,adaxial,Sanne,28-Mar,5
14830-015,F2,abaxial,Sanne,28-Mar,4
14830-016,F2,abaxial,Michelle,28-Mar,5
14830-016,F2,adaxial,Michelle,28-Mar,4
14830-017,F2,adaxial,Sanne,28-Mar,2
14830-017,F2,abaxial,Sanne,28-Mar,2
14830-018,F2,abaxial,Sanne,28-Mar,5
14830-018,F2,adaxial,Sanne,28-Mar,4
14830-019,F2,adaxial,Michelle,28-Mar,5
14830-019,F2,abaxial,Michelle,28-Mar,4
14830-020,F2,adaxial,Aleksandra,28-Mar,5
14830-020,F2,abaxial,Aleksandra,28-Mar,4
14830-021,F2,abaxial,Sanne,28-Mar,4
14830-021,F2,adaxial,Sanne,28-Mar,2
14830-022,F2,adaxial,Aleksandra,28-Mar,5
14830-022,F2,abaxial,Aleksandra,28-Mar,5
14830-023,F2,adaxial,Michelle,28-Mar,5
14830-023,F2,abaxial,Michelle,28-Mar,5
14830-024,F2,adaxial,Aleksandra,28-Mar,5
14830-024,F2,abaxial,Aleksandra,28-Mar,4
14830-025,F2,adaxial,Sanne,28-Mar,3
14830-025,F2,abaxial,Sanne,28-Mar,3
14830-026,F2,adaxial,Sanne,28-Mar,5
14830-026,F2,abaxial,Sanne,28-Mar,5
14830-027,F2,adaxial,Aleksandra,28-Mar,5
14830-027,F2,abaxial,Aleksandra,28-Mar,5
14830-028,F2,adaxial,Aleksandra,28-Mar,5
14830-028,F2,abaxial,Aleksandra,28-Mar,5
14830-029,F2,adaxial,Aleksandra,28-Mar,5
14830-029,F2,abaxial,Aleksandra,28-Mar,4
14830-030,F2,adaxial,Sanne,28-Mar,5
14830-030,F2,abaxial,Sanne,28-Mar,5
14830-031,F2,adaxial,Aleksandra,28-Mar,5
14830-031,F2,abaxial,Aleksandra,28-Mar,5
14830-032,F2,adaxial,Sanne,28-Mar,5
14830-032,F2,abaxial,Sanne,28-Mar,5
14830-033,F2,abaxial,Aleksandra,28-Mar,5
14830-033,F2,adaxial,Aleksandra,28-Mar,4
14830-034,F2,adaxial,Aleksandra,28-Mar,4
14830-034,F2,abaxial,Aleksandra,28-Mar,3
14830-035,F2,adaxial,Aleksandra,28-Mar,5
14830-035,F2,abaxial,Aleksandra,28-Mar,5
14830-036,F2,adaxial,Sanne,28-Mar,5
14830-036,F2,abaxial,Sanne,28-Mar,4
14830-037,F2,adaxial,Aleksandra,28-Mar,4
14830-037,F2,abaxial,Aleksandra,28-Mar,4
14830-038,F2,adaxial,Aleksandra,28-Mar,5
14830-039,F2,abaxial,Aleksandra,28-Mar,5
14830-040,F2,adaxial,Sanne,28-Mar,5
14830-040,F2,abaxial,Sanne,28-Mar,4
14830-041,F2,adaxial,Sanne,28-Mar,3
14830-041,F2,abaxial,Sanne,28-Mar,2
14830-042,F2,adaxial,Michelle,28-Mar,5
14830-042,F2,abaxial,Michelle,28-Mar,4
14830-043,F2,adaxial,Michelle,28-Mar,5
14830-043,F2,abaxial,Michelle,28-Mar,4
14830-044,F2,adaxial,Michelle,28-Mar,4
14830-044,F2,abaxial,Michelle,28-Mar,4
14830-045,F2,adaxial,Sanne,28-Mar,5
14830-045,F2,abaxial,Sanne,28-Mar,5
14830-046,F2,adaxial,Aleksandra,28-Mar,5
14830-046,F2,abaxial,Aleksandra,28-Mar,5
14830-047,F2,abaxial,Marc,28-Mar,4
14830-047,F2,adaxial,Marc,28-Mar,1
14830-048,F2,abaxial,Sanne,28-Mar,5
14830-048,F2,adaxial,Sanne,28-Mar,4
14830-049,F2,adaxial,Aleksandra,28-Mar,5
14830-049,F2,abaxial,Aleksandra,28-Mar,5
14830-050,F2,adaxial,Michelle,28-Mar,4
14830-050,F2,abaxial,Michelle,28-Mar,2
14830-051,F2,adaxial,Aleksandra,28-Mar,5
14830-051,F2,abaxial,Aleksandra,28-Mar,5
14830-052,F2,adaxial,Michelle,28-Mar,5
14830-052,F2,abaxial,Michelle,28-Mar,5
14830-053,F2,adaxial,Aleksandra,28-Mar,5
14830-053,F2,abaxial,Aleksandra,28-Mar,5
14830-054,F2,abaxial,Sanne,28-Mar,4
14830-054,F2,adaxial,Sanne,28-Mar,2
14830-055,F2,adaxial,Sanne,28-Mar,5
14830-055,F2,abaxial,Sanne,28-Mar,5
14830-056,F2,adaxial,Aleksandra,28-Mar,5
14830-056,F2,abaxial,Aleksandra,28-Mar,5
14830-057,F2,adaxial,Sanne,28-Mar,5
14830-057,F2,abaxial,Sanne,28-Mar,4
14830-058,F2,adaxial,Aleksandra,28-Mar,5
14830-058,F2,abaxial,Aleksandra,28-Mar,5
14830-059,F2,abaxial,Michelle,28-Mar,5
14830-059,F2,adaxial,Michelle,28-Mar,4
14830-060,F2,adaxial,Michelle,28-Mar,5
14830-060,F2,abaxial,Michelle,28-Mar,5
14830-061,F2,adaxial,Michelle,28-Mar,4
14830-061,F2,abaxial,Michelle,28-Mar,4
14830-062,F2,adaxial,Aleksandra,28-Mar,5
14830-062,F2,abaxial,Aleksandra,28-Mar,5
14830-063,F2,abaxial,Sanne,28-Mar,3
14830-063,F2,adaxial,Sanne,28-Mar,2
14830-064,F2,abaxial,Michelle,28-Mar,5
14830-064,F2,adaxial,Michelle,28-Mar,4
14830-066,F2,adaxial,Sanne,28-Mar,5
14830-066,F2,abaxial,Sanne,28-Mar,5
14830-067,F2,abaxial,Sanne,28-Mar,5
14830-067,F2,adaxial,Sanne,28-Mar,4
14830-068,F2,adaxial,Sanne,28-Mar,5
14830-068,F2,abaxial,Sanne,28-Mar,3
14830-069,F2,abaxial,Michelle,28-Mar,5
14830-069,F2,adaxial,Michelle,28-Mar,2
14830-070,F2,adaxial,Aleksandra,28-Mar,5
14830-070,F2,abaxial,Aleksandra,28-Mar,5
14830-071,F2,adaxial,Michelle,28-Mar,5
14830-071,F2,abaxial,Michelle,28-Mar,5
14830-072,F2,adaxial,Sanne,28-Mar,4
14830-072,F2,abaxial,Sanne,28-Mar,2
14830-073,F2,abaxial,Aleksandra,28-Mar,5
14830-073,F2,adaxial,Aleksandra,28-Mar,4
14830-074,F2,abaxial,Michelle,28-Mar,4
14830-074,F2,adaxial,Michelle,28-Mar,2
14830-076,F2,abaxial,Sanne,28-Mar,5
14830-076,F2,adaxial,Sanne,28-Mar,4
14830-077,F2,adaxial,Michelle,28-Mar,5
14830-077,F2,abaxial,Michelle,28-Mar,5
14830-078,F2,abaxial,Michelle,28-Mar,5
14830-078,F2,adaxial,Michelle,28-Mar,4
14830-080,F2,adaxial,Sanne,28-Mar,5
14830-080,F2,abaxial,Sanne,28-Mar,5
14830-081,F2,adaxial,Sanne,28-Mar,5
14830-081,F2,abaxial,Sanne,28-Mar,2
14830-082,F2,adaxial,Sanne,28-Mar,5
14830-082,F2,abaxial,Sanne,28-Mar,4
14830-083,F2,adaxial,Michelle,28-Mar,5
14830-083,F2,abaxial,Michelle,28-Mar,2
14830-084,F2,adaxial,Aleksandra,28-Mar,5
14830-084,F2,abaxial,Aleksandra,28-Mar,5
14830-085,F2,abaxial,Michelle,28-Mar,4
14830-085,F2,adaxial,Michelle,28-Mar,2
14830-086,F2,abaxial,Sanne,28-Mar,3
14830-086,F2,adaxial,Sanne,28-Mar,2
14830-087,F2,abaxial,Sanne,28-Mar,3
14830-087,F2,adaxial,Sanne,28-Mar,2
14830-088,F2,adaxial,Sanne,28-Mar,5
14830-088,F2,abaxial,Sanne,28-Mar,4
14830-089,F2,adaxial,Sanne,28-Mar,4
14830-089,F2,abaxial,Sanne,28-Mar,4
14830-090,F2,adaxial,Sanne,28-Mar,5
14830-090,F2,abaxial,Sanne,28-Mar,2
14830-091,F2,adaxial,Sanne,28-Mar,5
14830-091,F2,abaxial,Sanne,28-Mar,5
14830-092,F2,adaxial,Aleksandra,28-Mar,5
14830-092,F2,abaxial,Aleksandra,28-Mar,5
14830-093,F2,adaxial,Sanne,28-Mar,5
14830-093,F2,abaxial,Sanne,28-Mar,4
14830-094,F2,adaxial,Marc,28-Mar,4
14830-094,F2,abaxial,Marc,28-Mar,3
14830-095,F2,adaxial,Aleksandra,28-Mar,5
14830-095,F2,abaxial,Aleksandra,28-Mar,5
14830-096,F2,adaxial,Marc,28-Mar,2
14830-096,F2,abaxial,Marc,28-Mar,2
14830-098,F2,adaxial,Sanne,28-Mar,5
14830-098,F2,abaxial,Sanne,28-Mar,5
14830-099,F2,adaxial,Sanne,28-Mar,4
14830-099,F2,abaxial,Sanne,28-Mar,4
14830-100,F2,adaxial,Aleksandra,28-Mar,5
14830-100,F2,abaxial,Aleksandra,28-Mar,4
14830-101,F2,adaxial,Sanne,28-Mar,2
14830-101,F2,abaxial,Sanne,28-Mar,2
14830-102,F2,adaxial,Aleksandra,28-Mar,5
14830-102,F2,abaxial,Aleksandra,28-Mar,4
14830-103,F2,abaxial,Aleksandra,28-Mar,5
14830-103,F2,adaxial,Aleksandra,28-Mar,4
14830-104,F2,adaxial,Sanne,28-Mar,4
14830-104,F2,abaxial,Sanne,28-Mar,4
14830-105,F2,adaxial,Sanne,28-Mar,5
14830-105,F2,abaxial,Sanne,28-Mar,5
14830-106,F2,adaxial,Aleksandra,28-Mar,4
14830-106,F2,abaxial,Aleksandra,28-Mar,4
14830-107,F2,adaxial,Aleksandra,28-Mar,5
14830-107,F2,abaxial,Aleksandra,28-Mar,3
14830-108,F2,adaxial,Aleksandra,28-Mar,5
14830-108,F2,abaxial,Aleksandra,28-Mar,4
14830-109,F2,adaxial,Sanne,28-Mar,5
14830-109,F2,abaxial,Sanne,28-Mar,5
14830-110,F2,adaxial,Sanne,28-Mar,5
14830-110,F2,abaxial,Sanne,28-Mar,5
14830-111,F2,adaxial,Sanne,28-Mar,5
14830-111,F2,abaxial,Sanne,28-Mar,5
14830-112,F2,adaxial,Sanne,28-Mar,5
14830-112,F2,abaxial,Sanne,28-Mar,5
14830-113,F2,adaxial,Sanne,28-Mar,4
14830-113,F2,abaxial,Sanne,28-Mar,2
14830-114,F2,adaxial,Aleksandra,28-Mar,5
14830-114,F2,abaxial,Aleksandra,28-Mar,5
14830-116,F2,adaxial,Michelle,28-Mar,5
14830-116,F2,abaxial,Michelle,28-Mar,4
14830-117,F2,adaxial,Sanne,28-Mar,5
14830-117,F2,abaxial,Sanne,28-Mar,4
14830-118,F2,adaxial,Aleksandra,28-Mar,5
14830-118,F2,abaxial,Aleksandra,28-Mar,5
14830-119,F2,adaxial,Sanne,28-Mar,5
14830-119,F2,abaxial,Sanne,28-Mar,5
14830-120,F2,adaxial,Aleksandra,28-Mar,5
14830-120,F2,abaxial,Aleksandra,28-Mar,5
14830-121,F2,adaxial,Sanne,28-Mar,5
14830-121,F2,abaxial,Sanne,28-Mar,4
14830-122,F2,adaxial,Aleksandra,28-Mar,5
14830-122,F2,abaxial,Aleksandra,28-Mar,1
14830-124,F2,adaxial,Aleksandra,28-Mar,5
14830-124,F2,abaxial,Aleksandra,28-Mar,5
14830-125,F2,adaxial,Aleksandra,28-Mar,5
14830-125,F2,abaxial,Aleksandra,28-Mar,5
14830-126,F2,adaxial,Aleksandra,28-Mar,5
14830-126,F2,abaxial,Aleksandra,28-Mar,5
14830-127,F2,abaxial,Sanne,28-Mar,3
14830-127,F2,adaxial,Sanne,28-Mar,2
14830-128,F2,abaxial,Marc,28-Mar,5
14830-128,F2,adaxial,Marc,28-Mar,4
14830-129,F2,adaxial,Aleksandra,28-Mar,5
14830-129,F2,abaxial,Aleksandra,28-Mar,4
14830-130,F2,adaxial,Aleksandra,28-Mar,5
14830-130,F2,abaxial,Aleksandra,28-Mar,4
14830-131,F2,abaxial,Aleksandra,28-Mar,5
14830-131,F2,adaxial,Aleksandra,28-Mar,4
14830-132,F2,adaxial,Sanne,28-Mar,2
14830-132,F2,abaxial,Sanne,28-Mar,2
14830-133,F2,adaxial,Sanne,28-Mar,5
14830-133,F2,abaxial,Sanne,28-Mar,5
14830-134,F2,adaxial,Sanne,28-Mar,5
14830-134,F2,abaxial,Sanne,28-Mar,5
14830-135,F2,adaxial,Michelle,28-Mar,4
14830-135,F2,abaxial,Michelle,28-Mar,4
14830-136,F2,adaxial,Sanne,28-Mar,2
14830-136,F2,abaxial,Sanne,28-Mar,2
14830-137,F2,abaxial,Sanne,28-Mar,5
14830-137,F2,adaxial,Sanne,28-Mar,4
14830-138,F2,adaxial,Michelle,28-Mar,5
14830-138,F2,abaxial,Michelle,28-Mar,5
14830-139,F2,abaxial,Michelle,28-Mar,4
14830-139,F2,adaxial,Michelle,28-Mar,3
14830-140,F2,abaxial,Sanne,28-Mar,4
14830-140,F2,adaxial,Sanne,28-Mar,2
14830-141,F2,abaxial,Michelle,28-Mar,3
14830-141,F2,adaxial,Michelle,28-Mar,2
14830-142,F2,adaxial,Aleksandra,28-Mar,5
14830-142,F2,abaxial,Aleksandra,28-Mar,5
14830-144,F2,adaxial,Sanne,28-Mar,5
14830-144,F2,abaxial,Sanne,28-Mar,5
14830-145,F2,adaxial,Aleksandra,28-Mar,4
14830-145,F2,abaxial,Aleksandra,28-Mar,4
14830-147,F2,adaxial,Aleksandra,28-Mar,5
14830-147,F2,abaxial,Aleksandra,28-Mar,5
14830-148,F2,adaxial,Sanne,28-Mar,5
14830-148,F2,abaxial,Sanne,28-Mar,4
14830-149,F2,abaxial,Aleksandra,28-Mar,5
14830-149,F2,adaxial,Aleksandra,28-Mar,4
14830-150,F2,adaxial,Sanne,28-Mar,4
14830-150,F2,abaxial,Sanne,28-Mar,3
14830-151,F2,adaxial,Michelle,20-Mar,2
14830-151,F2,abaxial,Michelle,20-Mar,2
14830-152,F2,adaxial,Michelle,23-Mar,4
14830-152,F2,abaxial,Michelle,23-Mar,2
14830-153,F2,adaxial,Michelle,23-Mar,4
14830-153,F2,abaxial,Michelle,23-Mar,3
14830-154,F2,adaxial,Michelle,23-Mar,3
14830-154,F2,abaxial,Michelle,23-Mar,2
14830-155,F2,adaxial,Michelle,23-Mar,3
14830-155,F2,abaxial,Michelle,23-Mar,2
14830-156,F2,abaxial,Michelle,23-Mar,3
14830-156,F2,adaxial,Michelle,23-Mar,2
14830-157,F2,adaxial,Sanne,23-Mar,2
14830-157,F2,abaxial,Sanne,23-Mar,2
14830-158,F2,adaxial,Michelle,20-Mar,2
14830-158,F2,abaxial,Michelle,20-Mar,2
14830-159,F2,abaxial,Michelle,23-Mar,3
14830-159,F2,adaxial,Michelle,23-Mar,2
14830-160,F2,adaxial,Michelle,23-Mar,2
14830-160,F2,abaxial,Michelle,23-Mar,2
14830-161,F2,adaxial,Michelle,20-Mar,5
14830-161,F2,abaxial,Michelle,20-Mar,4
14830-162,F2,adaxial,Sanne,23-Mar,1
14830-162,F2,abaxial,Sanne,23-Mar,1
14830-163,F2,adaxial,Michelle,20-Mar,2
14830-163,F2,abaxial,Michelle,20-Mar,1
14830-164,F2,adaxial,Michelle,20-Mar,4
14830-164,F2,abaxial,Michelle,20-Mar,4
14830-165,F2,adaxial,Michelle,23-Mar,4
14830-165,F2,abaxial,Michelle,23-Mar,2
14830-166,F2,abaxial,Michelle,23-Mar,4
14830-166,F2,adaxial,Michelle,23-Mar,2
14830-167,F2,abaxial,Michelle,23-Mar,2
14830-167,F2,adaxial,Michelle,23-Mar,1
14830-168,F2,adaxial,Michelle,23-Mar,2
14830-168,F2,abaxial,Michelle,23-Mar,2
14830-170,F2,abaxial,Michelle,20-Mar,5
14830-170,F2,adaxial,Michelle,20-Mar,4
14830-171,F2,adaxial,Michelle,23-Mar,4
14830-171,F2,abaxial,Michelle,23-Mar,3
14830-172,F2,adaxial,Michelle,23-Mar,2
14830-172,F2,abaxial,Michelle,23-Mar,2
14830-173,F2,adaxial,Michelle,23-Mar,4
14830-173,F2,abaxial,Michelle,23-Mar,4
14830-174,F2,abaxial,Marc,20-Mar,3
14830-174,F2,adaxial,Marc,20-Mar,2
14830-175,F2,adaxial,Aleksandra,20-Mar,2
14830-175,F2,abaxial,Aleksandra,20-Mar,2
14830-176,F2,adaxial,Michelle,23-Mar,3
14830-176,F2,abaxial,Michelle,23-Mar,3
14830-177,F2,adaxial,Michelle,20-Mar,5
14830-177,F2,abaxial,Michelle,20-Mar,5
14830-178,F2,adaxial,Aleksandra,20-Mar,3
14830-178,F2,abaxial,Aleksandra,20-Mar,3
14830-179,F2,abaxial,Michelle,23-Mar,5
14830-179,F2,adaxial,Michelle,23-Mar,4
14830-180,F2,adaxial,Marc,20-Mar,2
14830-180,F2,abaxial,Marc,20-Mar,2
14830-181,F2,adaxial,Aleksandra,20-Mar,2
14830-181,F2,abaxial,Aleksandra,20-Mar,2
14830-182,F2,adaxial,Michelle,20-Mar,5
14830-182,F2,abaxial,Michelle,20-Mar,5
14830-183,F2,adaxial,Aleksandra,20-Mar,2
14830-183,F2,abaxial,Aleksandra,20-Mar,2
14830-184,F2,adaxial,Michelle,20-Mar,5
14830-184,F2,abaxial,Michelle,20-Mar,5
14830-185,F2,adaxial,Aleksandra,20-Mar,4
14830-185,F2,abaxial,Aleksandra,20-Mar,2
14830-186,F2,adaxial,Marc,20-Mar,3
14830-186,F2,abaxial,Marc,20-Mar,2
14830-188,F2,adaxial,Aleksandra,20-Mar,2
14830-188,F2,abaxial,Aleksandra,20-Mar,2
14830-189,F2,adaxial,Aleksandra,20-Mar,2
14830-189,F2,abaxial,Aleksandra,20-Mar,2
14830-190,F2,adaxial,Marc,20-Mar,4
14830-190,F2,abaxial,Marc,20-Mar,3
14830-191,F2,abaxial,Michelle,20-Mar,4
14830-191,F2,adaxial,Michelle,20-Mar,2
14830-192,F2,adaxial,Aleksandra,20-Mar,2
14830-192,F2,abaxial,Aleksandra,20-Mar,2
14830-194,F2,adaxial,Marc,20-Mar,4
14830-194,F2,abaxial,Marc,20-Mar,3
14830-195,F2,adaxial,Michelle,20-Mar,4
14830-195,F2,abaxial,Michelle,20-Mar,4
14830-196,F2,adaxial,Marc,20-Mar,2
14830-196,F2,abaxial,Marc,20-Mar,2
14830-197,F2,adaxial,Marc,20-Mar,4
14830-197,F2,abaxial,Marc,20-Mar,3
14830-198,F2,adaxial,Aleksandra,20-Mar,4
14830-198,F2,abaxial,Aleksandra,20-Mar,2
14830-199,F2,adaxial,Marc,20-Mar,3
14830-199,F2,abaxial,Marc,20-Mar,2
14830-200,F2,adaxial,Aleksandra,20-Mar,2
14830-200,F2,abaxial,Aleksandra,20-Mar,2
14830-201,F2,abaxial,Michelle,20-Mar,2
14830-201,F2,adaxial,Michelle,20-Mar,1
14830-202,F2,adaxial,Marc,20-Mar,2
14830-202,F2,abaxial,Marc,20-Mar,2
14830-203,F2,adaxial,Aleksandra,20-Mar,4
14830-203,F2,abaxial,Aleksandra,20-Mar,4
14830-203,F2,adaxial,Aleksandra,21-Mar,4
14830-203,F2,abaxial,Aleksandra,21-Mar,2
14830-204,F2,adaxial,Petra,20-Mar,4
14830-204,F2,abaxial,Petra,20-Mar,4
14830-205,F2,abaxial,Marc,20-Mar,4
14830-205,F2,abaxial,Petra,20-Mar,4
14830-205,F2,adaxial,Petra,20-Mar,3
14830-205,F2,adaxial,Marc,20-Mar,2
14830-206,F2,adaxial,Aleksandra,20-Mar,4
14830-206,F2,adaxial,Petra,20-Mar,4
14830-206,F2,abaxial,Petra,20-Mar,3
14830-206,F2,abaxial,Aleksandra,20-Mar,2
14830-208,F2,adaxial,Petra,20-Mar,3
14830-208,F2,abaxial,Petra,20-Mar,3
14830-208,F2,adaxial,Michelle,20-Mar,3
14830-208,F2,abaxial,Michelle,20-Mar,3
14830-209,F2,abaxial,Michelle,20-Mar,5
14830-209,F2,adaxial,Michelle,20-Mar,2
14830-211,F2,adaxial,Aleksandra,20-Mar,4
14830-211,F2,abaxial,Aleksandra,20-Mar,2
14830-212,F2,adaxial,Marc,20-Mar,3
14830-212,F2,abaxial,Marc,20-Mar,2
14830-214,F2,adaxial,Aleksandra,20-Mar,2
14830-214,F2,abaxial,Aleksandra,20-Mar,2
14830-215,F2,abaxial,Petra,20-Mar,4
14830-215,F2,adaxial,Petra,20-Mar,3
14830-216,F2,adaxial,Aleksandra,20-Mar,4
14830-216,F2,abaxial,Aleksandra,20-Mar,2
14830-217,F2,adaxial,Petra,20-Mar,4
14830-217,F2,abaxial,Petra,20-Mar,2
14830-218,F2,adaxial,Petra,20-Mar,3
14830-218,F2,abaxial,Petra,20-Mar,3
14830-219,F2,adaxial,Aleksandra,20-Mar,3
14830-219,F2,abaxial,Aleksandra,20-Mar,2
14830-220,F2,adaxial,Aleksandra,20-Mar,4
14830-220,F2,abaxial,Aleksandra,20-Mar,2
14830-221,F2,adaxial,Aleksandra,20-Mar,4
14830-221,F2,abaxial,Aleksandra,20-Mar,2
14830-222,F2,adaxial,Michelle,20-Mar,2
14830-222,F2,abaxial,Michelle,20-Mar,2
14830-223,F2,adaxial,Aleksandra,20-Mar,3
14830-223,F2,abaxial,Aleksandra,20-Mar,2
14830-224,F2,adaxial,Marc,20-Mar,2
14830-224,F2,abaxial,Marc,20-Mar,2
14830-225,F2,adaxial,Marc,20-Mar,2
14830-225,F2,abaxial,Marc,20-Mar,2
14830-226,F2,adaxial,Aleksandra,20-Mar,4
14830-226,F2,abaxial,Aleksandra,20-Mar,2
14830-227,F2,adaxial,Marc,20-Mar,3
14830-227,F2,abaxial,Marc,20-Mar,2
14830-228,F2,adaxial,Marc,20-Mar,2
14830-228,F2,abaxial,Marc,20-Mar,2
14830-229,F2,adaxial,Aleksandra,20-Mar,3
14830-229,F2,abaxial,Aleksandra,20-Mar,2
14830-230,F2,adaxial,Aleksandra,20-Mar,4
14830-230,F2,abaxial,Aleksandra,20-Mar,2
14830-231,F2,adaxial,Marc,20-Mar,3
14830-231,F2,abaxial,Marc,20-Mar,3
14830-232,F2,adaxial,Aleksandra,20-Mar,4
14830-232,F2,abaxial,Aleksandra,20-Mar,2
14830-233,F2,adaxial,Michelle,20-Mar,2
14830-233,F2,abaxial,Michelle,20-Mar,2
14830-234,F2,abaxial,Michelle,20-Mar,4
14830-234,F2,adaxial,Michelle,20-Mar,2
14830-235,F2,adaxial,Marc,20-Mar,2
14830-235,F2,abaxial,Marc,20-Mar,2
14830-236,F2,adaxial,Michelle,20-Mar,2
14830-236,F2,abaxial,Michelle,20-Mar,1
14830-237,F2,abaxial,Michelle,20-Mar,2
14830-237,F2,adaxial,Michelle,20-Mar,1
14830-238,F2,adaxial,Aleksandra,21-Mar,5
14830-238,F2,adaxial,Marc,20-Mar,3
14830-238,F2,abaxial,Marc,20-Mar,3
14830-238,F2,abaxial,Aleksandra,21-Mar,2
14830-239,F2,adaxial,Aleksandra,21-Mar,5
14830-239,F2,abaxial,Aleksandra,21-Mar,2
14830-240,F2,adaxial,Rob,21-Mar,4
14830-240,F2,abaxial,Rob,21-Mar,2
14830-241,F2,adaxial,Aleksandra,21-Mar,3
14830-241,F2,abaxial,Aleksandra,21-Mar,1
14830-242,F2,adaxial,Aleksandra,21-Mar,4
14830-242,F2,abaxial,Aleksandra,21-Mar,1
14830-243,F2,adaxial,Aleksandra,21-Mar,3
14830-243,F2,abaxial,Aleksandra,21-Mar,1
14830-244,F2,adaxial,Aleksandra,21-Mar,5
14830-244,F2,abaxial,Aleksandra,21-Mar,2
14830-245,F2,adaxial,Sanne,21-Mar,4
14830-245,F2,abaxial,Sanne,21-Mar,3
14830-246,F2,adaxial,Rob,21-Mar,3
14830-246,F2,abaxial,Rob,21-Mar,2
14830-247,F2,adaxial,Rob,21-Mar,3
14830-247,F2,abaxial,Rob,21-Mar,1
14830-248,F2,adaxial,Aleksandra,21-Mar,3
14830-248,F2,abaxial,Aleksandra,21-Mar,2
14830-249,F2,adaxial,Aleksandra,21-Mar,2
14830-249,F2,abaxial,Aleksandra,21-Mar,2
14830-250,F2,adaxial,Sanne,21-Mar,5
14830-250,F2,abaxial,Sanne,21-Mar,3
14830-251,F2,adaxial,Rob,21-Mar,4
14830-251,F2,abaxial,Rob,21-Mar,2
14830-252,F2,adaxial,Sanne,21-Mar,3
14830-252,F2,abaxial,Sanne,21-Mar,3
14830-253,F2,adaxial,Rob,21-Mar,4
14830-253,F2,abaxial,Rob,21-Mar,2
14830-254,F2,adaxial,Aleksandra,21-Mar,3
14830-254,F2,abaxial,Aleksandra,21-Mar,2
14830-255,F2,adaxial,Sanne,21-Mar,5
14830-255,F2,abaxial,Sanne,21-Mar,5
14830-256,F2,adaxial,Sanne,21-Mar,3
14830-256,F2,abaxial,Sanne,21-Mar,3
14830-257,F2,adaxial,Aleksandra,21-Mar,5
14830-257,F2,abaxial,Aleksandra,21-Mar,2
14830-258,F2,adaxial,Aleksandra,21-Mar,3
14830-258,F2,abaxial,Aleksandra,21-Mar,1
14830-259,F2,adaxial,Aleksandra,21-Mar,3
14830-259,F2,abaxial,Aleksandra,21-Mar,2
14830-260,F2,adaxial,Aleksandra,21-Mar,2
14830-260,F2,abaxial,Aleksandra,21-Mar,2
14830-261,F2,adaxial,Aleksandra,21-Mar,4
14830-261,F2,abaxial,Aleksandra,21-Mar,2
14830-262,F2,adaxial,Rob,21-Mar,4
14830-262,F2,abaxial,Rob,21-Mar,1
14830-264,F2,abaxial,Sanne,21-Mar,4
14830-264,F2,adaxial,Sanne,21-Mar,3
14830-265,F2,adaxial,Rob,21-Mar,3
14830-265,F2,abaxial,Rob,21-Mar,2
14830-266,F2,adaxial,Aleksandra,21-Mar,2
14830-266,F2,abaxial,Aleksandra,21-Mar,1
14830-267,F2,adaxial,Aleksandra,21-Mar,4
14830-267,F2,abaxial,Aleksandra,21-Mar,1
14830-268,F2,adaxial,Aleksandra,21-Mar,3
14830-268,F2,abaxial,Aleksandra,21-Mar,2
14830-269,F2,adaxial,Aleksandra,21-Mar,5
14830-269,F2,abaxial,Aleksandra,21-Mar,2
14830-270,F2,adaxial,Aleksandra,21-Mar,3
14830-270,F2,abaxial,Aleksandra,21-Mar,2
14830-271,F2,adaxial,Rob,21-Mar,2
14830-271,F2,abaxial,Rob,21-Mar,2
14830-272,F2,adaxial,Sanne,21-Mar,3
14830-272,F2,abaxial,Sanne,21-Mar,3
14830-273,F2,adaxial,Rob,21-Mar,4
14830-273,F2,abaxial,Rob,21-Mar,3
14830-274,F2,adaxial,Sanne,21-Mar,5
14830-274,F2,abaxial,Sanne,21-Mar,4
14830-275,F2,adaxial,Sanne,21-Mar,1
14830-275,F2,abaxial,Sanne,21-Mar,1
14830-276,F2,adaxial,Sanne,21-Mar,5
14830-276,F2,abaxial,Sanne,21-Mar,4
14830-277,F2,adaxial,Rob,21-Mar,2
14830-277,F2,abaxial,Rob,21-Mar,1
14830-278,F2,adaxial,Sanne,21-Mar,3
14830-278,F2,abaxial,Sanne,21-Mar,3
14830-279,F2,adaxial,Sanne,21-Mar,5
14830-279,F2,abaxial,Sanne,21-Mar,5
14830-280,F2,adaxial,Sanne,21-Mar,5
14830-280,F2,abaxial,Sanne,21-Mar,5
14830-281,F2,adaxial,Rob,21-Mar,2
14830-281,F2,abaxial,Rob,21-Mar,2
14830-282,F2,adaxial,Aleksandra,21-Mar,4
14830-282,F2,abaxial,Aleksandra,21-Mar,3
14830-284,F2,adaxial,Rob,21-Mar,2
14830-284,F2,abaxial,Rob,21-Mar,2
14830-285,F2,adaxial,Aleksandra,21-Mar,3
14830-285,F2,abaxial,Aleksandra,21-Mar,2
14830-286,F2,adaxial,Rob,21-Mar,1
14830-286,F2,abaxial,Rob,21-Mar,1
14830-287,F2,adaxial,Aleksandra,21-Mar,4
14830-287,F2,abaxial,Aleksandra,21-Mar,4
14830-288,F2,adaxial,Rob,21-Mar,4
14830-288,F2,abaxial,Rob,21-Mar,2
14830-289,F2,adaxial,Aleksandra,21-Mar,4
14830-289,F2,abaxial,Aleksandra,21-Mar,3
14830-290,F2,adaxial,Aleksandra,21-Mar,4
14830-290,F2,abaxial,Aleksandra,21-Mar,2
14830-291,F2,adaxial,Aleksandra,21-Mar,4
14830-291,F2,abaxial,Aleksandra,21-Mar,2
14830-292,F2,adaxial,Rob,21-Mar,1
14830-292,F2,abaxial,Rob,21-Mar,1
14830-293,F2,adaxial,Rob,21-Mar,3
14830-293,F2,abaxial,Rob,21-Mar,1
14830-294,F2,adaxial,Aleksandra,21-Mar,4
14830-294,F2,abaxial,Aleksandra,21-Mar,2
14830-295,F2,adaxial,Aleksandra,21-Mar,4
14830-295,F2,abaxial,Aleksandra,21-Mar,2
14830-296,F2,adaxial,Rob,21-Mar,4
14830-296,F2,abaxial,Rob,21-Mar,1
14830-297,F2,adaxial,Aleksandra,21-Mar,3
14830-297,F2,abaxial,Aleksandra,21-Mar,2
14830-298,F2,adaxial,Sanne,21-Mar,4
14830-298,F2,abaxial,Sanne,21-Mar,4
14830-299,F2,adaxial,Sanne,21-Mar,5
14830-299,F2,abaxial,Sanne,21-Mar,2
14830-300,F2,abaxial,Sanne,21-Mar,3
14830-300,F2,adaxial,Sanne,21-Mar,2
14830-301,F2,adaxial,Sanne,21-Mar,5
14830-301,F2,abaxial,Sanne,21-Mar,5
14830-302,F2,adaxial,Sanne,21-Mar,5
14830-302,F2,abaxial,Sanne,21-Mar,4
14830-304,F2,adaxial,Aleksandra,21-Mar,3
14830-304,F2,abaxial,Aleksandra,21-Mar,2
14830-305,F2,adaxial,Aleksandra,21-Mar,3
14830-305,F2,abaxial,Aleksandra,21-Mar,2
14830-306,F2,adaxial,Rob,21-Mar,3
14830-306,F2,abaxial,Rob,21-Mar,2
14830-307,F2,adaxial,Aleksandra,21-Mar,4
14830-307,F2,abaxial,Aleksandra,21-Mar,2
14830-308,F2,adaxial,Aleksandra,21-Mar,4
14830-308,F2,abaxial,Aleksandra,21-Mar,2
14830-309,F2,adaxial,Rob,21-Mar,4
14830-309,F2,abaxial,Rob,21-Mar,2
14830-310,F2,adaxial,Aleksandra,21-Mar,3
14830-310,F2,abaxial,Aleksandra,21-Mar,2
14830-311,F2,adaxial,Aleksandra,21-Mar,3
14830-311,F2,abaxial,Aleksandra,21-Mar,2
14830-312,F2,adaxial,Rob,21-Mar,4
14830-312,F2,abaxial,Rob,21-Mar,3
14830-313,F2,adaxial,Aleksandra,21-Mar,3
14830-313,F2,abaxial,Aleksandra,21-Mar,1
14830-314,F2,adaxial,Aleksandra,21-Mar,5
14830-314,F2,abaxial,Aleksandra,21-Mar,1
14830-315,F2,adaxial,Sanne,21-Mar,4
14830-315,F2,abaxial,Sanne,21-Mar,4
14830-317,F2,abaxial,Rob,21-Mar,2
14830-317,F2,adaxial,Rob,21-Mar,1
14830-318,F2,adaxial,Aleksandra,21-Mar,5
14830-318,F2,abaxial,Aleksandra,21-Mar,2
14830-319,F2,adaxial,Sanne,21-Mar,5
14830-319,F2,abaxial,Sanne,21-Mar,4
14830-321,F2,adaxial,Aleksandra,21-Mar,4
14830-321,F2,abaxial,Aleksandra,21-Mar,2
14830-322,F2,abaxial,Sanne,21-Mar,5
14830-322,F2,adaxial,Sanne,21-Mar,4
14830-323,F2,adaxial,Rob,21-Mar,4
14830-323,F2,abaxial,Rob,21-Mar,2
14830-324,F2,adaxial,Aleksandra,21-Mar,4
14830-324,F2,abaxial,Aleksandra,21-Mar,2
14830-325,F2,adaxial,Aleksandra,21-Mar,3
14830-325,F2,abaxial,Aleksandra,21-Mar,1
14830-326,F2,adaxial,Rob,21-Mar,4
14830-326,F2,abaxial,Rob,21-Mar,2
14830-327,F2,adaxial,Aleksandra,21-Mar,4
14830-327,F2,abaxial,Aleksandra,21-Mar,2
14830-329,F2,adaxial,Rob,21-Mar,3
14830-329,F2,abaxial,Rob,21-Mar,1
14830-330,F2,adaxial,Sanne,21-Mar,5
14830-330,F2,abaxial,Sanne,21-Mar,2
14830-331,F2,adaxial,Rob,21-Mar,2
14830-331,F2,abaxial,Rob,21-Mar,1
14830-332,F2,adaxial,Aleksandra,21-Mar,5
14830-332,F2,abaxial,Aleksandra,21-Mar,2
14830-333,F2,abaxial,Sanne,21-Mar,3
14830-333,F2,adaxial,Sanne,21-Mar,2
14830-334,F2,adaxial,Sanne,21-Mar,4
14830-334,F2,abaxial,Sanne,21-Mar,2
14830-335,F2,adaxial,Sanne,21-Mar,3
14830-335,F2,abaxial,Sanne,21-Mar,3
14830-336,F2,adaxial,Aleksandra,21-Mar,2
14830-336,F2,abaxial,Aleksandra,21-Mar,2
14830-337,F2,adaxial,Rob,21-Mar,4
14830-337,F2,abaxial,Rob,21-Mar,1
14830-338,F2,abaxial,Sanne,21-Mar,3
14830-338,F2,adaxial,Sanne,21-Mar,2
14830-339,F2,adaxial,Rob,21-Mar,3
14830-339,F2,abaxial,Rob,21-Mar,1
14830-340,F2,adaxial,Rob,21-Mar,2
14830-340,F2,abaxial,Rob,21-Mar,1
14830-341,F2,adaxial,Aleksandra,21-Mar,4
14830-341,F2,abaxial,Aleksandra,21-Mar,1
14830-343,F2,adaxial,Rob,21-Mar,2
14830-343,F2,abaxial,Rob,21-Mar,2
14830-344,F2,adaxial,Aleksandra,21-Mar,4
14830-344,F2,abaxial,Aleksandra,21-Mar,3
14830-345,F2,adaxial,Aleksandra,21-Mar,4
14830-345,F2,abaxial,Aleksandra,21-Mar,2
14830-346,F2,adaxial,Sanne,22-Mar,3
14830-346,F2,abaxial,Sanne,22-Mar,3
14830-347,F2,abaxial,Aleksandra,22-Mar,4
14830-347,F2,adaxial,Aleksandra,22-Mar,3
14830-348,F2,adaxial,Aleksandra,22-Mar,5
14830-348,F2,abaxial,Aleksandra,22-Mar,2
14830-349,F2,adaxial,Aleksandra,22-Mar,5
14830-349,F2,abaxial,Aleksandra,22-Mar,3
14830-350,F2,adaxial,Sanne,22-Mar,2
14830-350,F2,abaxial,Sanne,22-Mar,2
14830-351,F2,adaxial,Sanne,22-Mar,3
14830-351,F2,abaxial,Sanne,22-Mar,3
14830-352,F2,adaxial,Aleksandra,22-Mar,4
14830-352,F2,abaxial,Aleksandra,22-Mar,2
14830-353,F2,adaxial,Sanne,22-Mar,4
14830-353,F2,abaxial,Sanne,22-Mar,2
14830-354,F2,adaxial,Sanne,22-Mar,2
14830-354,F2,abaxial,Sanne,22-Mar,2
14830-355,F2,adaxial,Aleksandra,22-Mar,3
14830-355,F2,abaxial,Aleksandra,22-Mar,2
14830-358,F2,adaxial,Aleksandra,22-Mar,4
14830-358,F2,abaxial,Aleksandra,22-Mar,2
14830-359,F2,adaxial,Aleksandra,22-Mar,5
14830-359,F2,abaxial,Aleksandra,22-Mar,2
14830-360,F2,adaxial,Sanne,22-Mar,2
14830-360,F2,abaxial,Sanne,22-Mar,2
14830-361,F2,adaxial,Sanne,22-Mar,4
14830-361,F2,abaxial,Sanne,22-Mar,4
14830-362,F2,adaxial,Sanne,22-Mar,4
14830-362,F2,abaxial,Sanne,22-Mar,3
14830-363,F2,adaxial,Aleksandra,22-Mar,4
14830-363,F2,abaxial,Aleksandra,22-Mar,2
14830-364,F2,adaxial,Aleksandra,22-Mar,2
14830-364,F2,abaxial,Aleksandra,22-Mar,1
14830-365,F2,adaxial,Sanne,22-Mar,5
14830-365,F2,abaxial,Sanne,22-Mar,5
14830-366,F2,adaxial,Aleksandra,22-Mar,5
14830-366,F2,abaxial,Aleksandra,22-Mar,2
14830-367,F2,adaxial,Aleksandra,22-Mar,4
14830-367,F2,abaxial,Aleksandra,22-Mar,2
14830-368,F2,adaxial,Sanne,22-Mar,2
14830-368,F2,abaxial,Sanne,22-Mar,2
14830-369,F2,adaxial,Sanne,22-Mar,2
14830-369,F2,abaxial,Sanne,22-Mar,2
14830-370,F2,adaxial,Sanne,22-Mar,5
14830-370,F2,abaxial,Sanne,22-Mar,4
14830-371,F2,adaxial,Aleksandra,22-Mar,4
14830-371,F2,abaxial,Aleksandra,22-Mar,2
14830-372,F2,adaxial,Aleksandra,22-Mar,4
14830-372,F2,abaxial,Aleksandra,22-Mar,2
14830-373,F2,adaxial,Aleksandra,22-Mar,5
14830-373,F2,abaxial,Aleksandra,22-Mar,5
14830-374,F2,adaxial,Sanne,22-Mar,2
14830-374,F2,abaxial,Sanne,22-Mar,2
14830-375,F2,adaxial,Sanne,23-Mar,5
14830-375,F2,abaxial,Sanne,23-Mar,5
14830-376,F2,adaxial,Aleksandra,23-Mar,3
14830-376,F2,abaxial,Aleksandra,23-Mar,2
14830-377,F2,adaxial,Sanne,23-Mar,2
14830-377,F2,abaxial,Sanne,23-Mar,2
14830-378,F2,adaxial,Sanne,23-Mar,5
14830-378,F2,abaxial,Sanne,23-Mar,4
14830-379,F2,adaxial,Aleksandra,23-Mar,3
14830-379,F2,abaxial,Aleksandra,23-Mar,3
14830-380,F2,adaxial,Sanne,23-Mar,2
14830-380,F2,abaxial,Sanne,23-Mar,2
14830-381,F2,adaxial,Aleksandra,23-Mar,5
14830-381,F2,abaxial,Aleksandra,23-Mar,2
14830-383,F2,adaxial,Aleksandra,23-Mar,5
14830-383,F2,abaxial,Aleksandra,23-Mar,2
14830-384,F2,adaxial,Sanne,23-Mar,3
14830-384,F2,abaxial,Sanne,23-Mar,3
14830-385,F2,adaxial,Sanne,23-Mar,3
14830-385,F2,abaxial,Sanne,23-Mar,2
14830-386,F2,abaxial,Sanne,23-Mar,3
14830-386,F2,adaxial,Sanne,23-Mar,2
14830-387,F2,adaxial,Aleksandra,23-Mar,5
14830-387,F2,abaxial,Aleksandra,23-Mar,1
14830-388,F2,adaxial,Sanne,23-Mar,2
14830-388,F2,abaxial,Sanne,23-Mar,2
14830-389,F2,abaxial,Sanne,23-Mar,2
14830-389,F2,adaxial,Sanne,23-Mar,1
14830-390,F2,adaxial,Aleksandra,23-Mar,5
14830-390,F2,abaxial,Aleksandra,23-Mar,2
14830-391,F2,adaxial,Aleksandra,23-Mar,5
14830-391,F2,abaxial,Aleksandra,23-Mar,1
14830-392,F2,adaxial,Sanne,23-Mar,4
14830-392,F2,abaxial,Sanne,23-Mar,3
14830-393,F2,adaxial,Sanne,23-Mar,4
14830-393,F2,abaxial,Sanne,23-Mar,4
14830-394,F2,adaxial,Aleksandra,23-Mar,5
14830-394,F2,abaxial,Aleksandra,23-Mar,2
14830-396,F2,abaxial,Sanne,23-Mar,3
14830-396,F2,adaxial,Sanne,23-Mar,2
14830-397,F2,adaxial,Aleksandra,23-Mar,5
14830-397,F2,abaxial,Aleksandra,23-Mar,2
14830-398,F2,adaxial,Sanne,23-Mar,2
14830-398,F2,abaxial,Sanne,23-Mar,2
14830-399,F2,adaxial,Sanne,23-Mar,3
14830-399,F2,abaxial,Sanne,23-Mar,3
14830-400,F2,adaxial,Aleksandra,23-Mar,5
14830-400,F2,abaxial,Aleksandra,23-Mar,2
14830-401,F2,adaxial,Michelle,23-Mar,2
14830-401,F2,abaxial,Michelle,23-Mar,1
14830-402,F2,abaxial,Sanne,23-Mar,4
14830-402,F2,adaxial,Sanne,23-Mar,2
14830-403,F2,adaxial,Sanne,23-Mar,5
14830-403,F2,abaxial,Sanne,23-Mar,3
14830-404,F2,adaxial,Sanne,23-Mar,2
14830-404,F2,abaxial,Sanne,23-Mar,2
14830-405,F2,adaxial,Aleksandra,23-Mar,5
14830-405,F2,abaxial,Aleksandra,23-Mar,5
14830-406,F2,abaxial,Sanne,23-Mar,2
14830-406,F2,adaxial,Sanne,23-Mar,1
14830-407,F2,abaxial,Sanne,23-Mar,3
14830-407,F2,adaxial,Sanne,23-Mar,2
14830-408,F2,adaxial,Aleksandra,23-Mar,4
14830-408,F2,abaxial,Aleksandra,23-Mar,2
14830-409,F2,adaxial,Sanne,23-Mar,3
14830-409,F2,abaxial,Sanne,23-Mar,3
14830-410,F2,adaxial,Sanne,23-Mar,2
14830-410,F2,abaxial,Sanne,23-Mar,2
14830-411,F2,adaxial,Aleksandra,23-Mar,4
14830-411,F2,abaxial,Aleksandra,23-Mar,2
14830-412,F2,adaxial,Sanne,23-Mar,5
14830-412,F2,abaxial,Sanne,23-Mar,2
14830-413,F2,adaxial,Aleksandra,23-Mar,3
14830-413,F2,abaxial,Aleksandra,23-Mar,2
14830-414,F2,adaxial,Michelle,23-Mar,3
14830-414,F2,abaxial,Michelle,23-Mar,3
14830-415,F2,adaxial,Sanne,23-Mar,2
14830-415,F2,abaxial,Sanne,23-Mar,2
14830-416,F2,adaxial,Sanne,23-Mar,3
14830-416,F2,abaxial,Sanne,23-Mar,2
14830-417,F2,adaxial,Sanne,23-Mar,4
14830-417,F2,abaxial,Sanne,23-Mar,3
14830-418,F2,adaxial,Michelle,23-Mar,2
14830-418,F2,abaxial,Michelle,23-Mar,2
14830-419,F2,adaxial,Aleksandra,23-Mar,3
14830-419,F2,abaxial,Aleksandra,23-Mar,2
14830-420,F2,adaxial,Aleksandra,23-Mar,2
14830-420,F2,abaxial,Aleksandra,23-Mar,2
14830-421,F2,adaxial,Michelle,23-Mar,4
14830-421,F2,abaxial,Michelle,23-Mar,3
14830-422,F2,adaxial,Aleksandra,23-Mar,4
14830-422,F2,abaxial,Aleksandra,23-Mar,1
14830-423,F2,adaxial,Sanne,23-Mar,3
14830-423,F2,abaxial,Sanne,23-Mar,3
14830-425,F2,adaxial,Aleksandra,23-Mar,5
14830-425,F2,abaxial,Aleksandra,23-Mar,2
14830-427,F2,adaxial,Aleksandra,23-Mar,4
14830-427,F2,abaxial,Aleksandra,23-Mar,1
14830-428,F2,adaxial,Michelle,23-Mar,5
14830-428,F2,abaxial,Michelle,23-Mar,5
14830-429,F2,adaxial,Michelle,23-Mar,5
14830-429,F2,abaxial,Michelle,23-Mar,5
14830-430,F2,adaxial,Aleksandra,23-Mar,5
14830-430,F2,abaxial,Aleksandra,23-Mar,2
14830-431,F2,adaxial,Michelle,23-Mar,3
14830-431,F2,abaxial,Michelle,23-Mar,3
14830-432,F2,adaxial,Michelle,23-Mar,4
14830-432,F2,abaxial,Michelle,23-Mar,4
14830-433,F2,adaxial,Michelle,23-Mar,3
14830-433,F2,abaxial,Michelle,23-Mar,3
14830-434,F2,adaxial,Michelle,23-Mar,5
14830-434,F2,abaxial,Michelle,23-Mar,4
14830-435,F2,adaxial,Aleksandra,23-Mar,4
14830-435,F2,abaxial,Aleksandra,23-Mar,3
14830-436,F2,adaxial,Sanne,23-Mar,2
14830-436,F2,abaxial,Sanne,23-Mar,2
14830-437,F2,adaxial,Michelle,23-Mar,5
14830-437,F2,abaxial,Michelle,23-Mar,5
14830-438,F2,adaxial,Aleksandra,23-Mar,3
14830-438,F2,abaxial,Aleksandra,23-Mar,3
14830-439,F2,abaxial,Sanne,23-Mar,3
14830-439,F2,adaxial,Sanne,23-Mar,2
14830-440,F2,adaxial,Aleksandra,23-Mar,3
14830-440,F2,abaxial,Aleksandra,23-Mar,2
14830-441,F2,adaxial,Sanne,23-Mar,2
14830-441,F2,abaxial,Sanne,23-Mar,2
14830-443,F2,adaxial,Sanne,23-Mar,2
14830-443,F2,abaxial,Sanne,23-Mar,2
14830-444,F2,adaxial,Sanne,23-Mar,5
14830-444,F2,abaxial,Sanne,23-Mar,4
14830-445,F2,abaxial,Michelle,23-Mar,2
14830-445,F2,adaxial,Michelle,23-Mar,1
14830-446,F2,adaxial,Aleksandra,23-Mar,4
14830-446,F2,abaxial,Aleksandra,23-Mar,1
14830-447,F2,adaxial,Aleksandra,23-Mar,5
14830-447,F2,abaxial,Aleksandra,23-Mar,2
14830-448,F2,adaxial,Aleksandra,23-Mar,5
14830-448,F2,abaxial,Aleksandra,23-Mar,2
14830-449,F2,adaxial,Sanne,23-Mar,2
14830-449,F2,abaxial,Sanne,23-Mar,2
14830-450,F2,adaxial,Sanne,23-Mar,3
14830-450,F2,abaxial,Sanne,23-Mar,2
14830-451,F2,adaxial,Sanne,23-Mar,2
14830-451,F2,abaxial,Sanne,23-Mar,2
CV1,cultivar,adaxial,Rob,21-Mar,3
CV1,cultivar,abaxial,Rob,21-Mar,2
CV148511,cultivar,adaxial,Michelle,20-Mar,3
CV148511,cultivar,abaxial,Michelle,20-Mar,3
Elite14851,cultivar,adaxial,Sanne,23-Mar,4
Elite14851,cultivar,abaxial,Sanne,23-Mar,4
Elite14863,cultivar,adaxial,Sanne,23-Mar,4
Elite14863,cultivar,abaxial,Sanne,23-Mar,4
Elite14877,cultivar,adaxial,Aleksandra,23-Mar,4
Elite14877,cultivar,abaxial,Aleksandra,23-Mar,4
F1_14853,F1,abaxial,Sanne,23-Mar,4
F1_14853,F1,adaxial,Sanne,23-Mar,3
F1_14865,F1,abaxial,Aleksandra,23-Mar,3
F1_14865,F1,adaxial,Aleksandra,22-Mar,2
F1_14865,F1,abaxial,Aleksandra,22-Mar,2
F1_14865,F1,adaxial,Aleksandra,23-Mar,2
F1_14879,F1,adaxial,Aleksandra,23-Mar,5
F1_14879,F1,abaxial,Aleksandra,23-Mar,5
F1_CV,F1,adaxial,Sanne,22-Mar,5
F1_CV,F1,abaxial,Sanne,22-Mar,5
PI-1,PI127826,adaxial,Rob,21-Mar,5
PI-2,PI127826,adaxial,Aleksandra,21-Mar,3
PI-1,PI127826,abaxial,Rob,21-Mar,3
PI-2,PI127826,abaxial,Aleksandra,21-Mar,2
PI14852,PI127826,adaxial,Sanne,23-Mar,5
PI14852,PI127826,abaxial,Sanne,23-Mar,4
PI14864,PI127826,adaxial,Aleksandra,23-Mar,5
PI14864,PI127826,abaxial,Aleksandra,23-Mar,5
PI14878,PI127826,adaxial,Aleksandra,23-Mar,5
PI14878,PI127826,abaxial,Aleksandra,23-Mar,5